[
  {
    "id": 1,
    "movie_name": "Hack",
    "location": "Xalqlar do'stligi",
    "price": 150000.0,
    "total_ticket": 200,
    "date": "2024.08.09 10.00"
  },
  {
    "id": 2,
    "movie_name": "Jumong",
    "location": "Turkiston saroyi",
    "price": 130000.0,
    "total_ticket": 200,
    "date": "2024.08.09 10.00"
  },
  {
    "id": 3,
    "movie_name": "Oybola",
    "location": "Turkiston saroyi",
    "price": 15000.0,
    "total_ticket": 200,
    "date": "2024.08.09 10.08"
  },
  {
    "id": 4,
    "movie_name": "Abdullajon",
    "location": "Xalqlar do'stligi",
    "price": 16000.0,
    "total_ticket": 200,
    "date": "2024.08.09 10.10"
  }
]