[
    {
        "full_name": "Ahmedov Jasur",
        "username": "Jasur",
        "gmail": "ahmedovj7686@gmail.com",
        "password": "a8e0c3c8e84f48cbe3b1520723cbf713dfeeb69aa092a988a788af51150bbe25",
        "age": 23,
        "gender": "Male",
        "date": "2024.08.09 08.23",
        "is_login": false
    },
    {
        "full_name": "Otabek Mahkamov",
        "username": "Otabek",
        "gmail": "otabek76@gmail.com",
        "password": "62da5956da04fdedd0ff08a3f8c812793ef4219cd0405d44bf5412f3264fecf0",
        "age": 25,
        "gender": "Male",
        "date": "2024.08.09 08.40",
        "is_login": true
    }
]